url,title,abstract
http://edu.people.com.cn/n1/2022/0609/c1006-32441972.html,四部委印发通知：引导高校毕业生到城乡社区就业创业,"
	近日，民政部、教育部、财政部、人社部联合印发《关于做好2022年普通高校毕业生到城乡社区就业工作的通知》（以下简称《通知》），《通知》明确，健全社区工作者职业体系，营造拴心留人的良好环境，引导高校毕业生扎根基层。原则上2022年所有新招聘岗位全部向高校毕业生开放，鼓励拿出较多数量岗位专门招聘有志热心服务群众的高校毕业生。鼓励具备条件的行政村积极吸纳高校毕业生到村担任村务工作者。 
	就业是最大的民生工程、民心工程、根基工程，2022届高校毕业生超过1000万人，做好高校毕业生等青年就业工作事关经济发展、疫情防控和社会稳定、民生福祉。为此，《通知》明确，多渠道吸纳高校毕业生到城乡社区就业创业，为提高城乡社区治理和服务精准化精细化水平、推进基层治理体系和治理能力现代化建设提供人才支撑。 
	民政部负责人介绍，主要包括5个方面的任务：“第一是要求各地制定社区专职工作人员年度招聘计划，原则上2022年所有新招聘岗位全部向高校毕业生开放；第二是要求支持在社区提供养老、托育、家政等服务的机构加快发展，增强吸纳高校毕业生就业能力，对符合条件的机构按规定落实社会保险补贴等政策；第三是要求组织提供社区服务的机构参与‘百万就业见习岗位募集计划’，指导城乡社区组织因需设立就业见习岗位；第四是要求培育壮大社区社会工作人才队伍，积极引导高校毕业生到乡镇（街道）社会工作站开展服务；第五是要求设立一批城乡社区实习实践基地，引导在校大学生了解城乡社区居民需求和工作实际，激发高校毕业生到城乡社区就业创业的热情。” 
	城乡社区是党和政府联系服务群众的“最后一公里”，也是广大青年群众深入基层、贴近群众，接受历练、增长才干的重要平台，为建立高校毕业生到城乡就业创业长效机制，《通知》提出，健全社区工作者职业体系，营造拴心留人的良好环境，引导高校毕业生扎根基层，并要求加强对在城乡社区就业高校毕业生的培训，增强其服务群众的工作本领，提升其专业技术能力，做好投身城乡社区一线砥砺磨练、增长才干的职业准备。 
	《通知》强调，要建立部门各司其职、协同推进的工作机制，强化组织保障、明确部门职责、加强宣传引导，推动2022年高校毕业生到城乡社区就业工作落地落实。“民政部门作为牵头城乡社区治理体系和治理能力建设的职能部门，下一步将结合社区工作者队伍建设、城乡社区服务体系建设、乡镇（街道）社会工作站建设、社会组织培育管理等工作，积极促进高校毕业生到城乡社区就业。”民政部负责人说。（记者任欢）"
http://edu.people.com.cn/n1/2022/0606/c1006-32439536.html,大连理工大学校长郭东明：祝愿大家金榜题名，在追梦路上展现最美的自己,"2022年全国高考即将拉开大幕，千万考生将怀揣梦想，勇敢奔赴考场。近日，多所高校的书记、校长通过视频等方式为考生送上诚挚祝福。 
	 
	人民网北京6月6日电 2022年高考明日正式开考。中国工程院院士、大连理工大学校长郭东明通过视频寄语广大考生，又是一年高考季，在 
	郭东明介绍，大连理工大学是教育部直属全国重点大学，也是世界一流大学A类建设高校。学校是中国共产党在新中国成立前夕，面向新中国工业体系建设亲手创办的第一所新型正规大学， 
	郭东明谈到， 
	“学校坐落在黄海之滨的‘北方明珠’——大连。冬无严寒，夏无酷暑。是著名的‘浪漫之都’和宜居城市。”郭东明表示，2012年经教育部批准，学校又建设了盘锦校区。目前已经形成“一校两地三区”的办学格局。学校教学、科研、生活设施齐全，校园环境优美，办学条件优良。 
	“希望大家都能实现理想，在奋斗中绽放最美青春，创造出无愧于时代的人生。欢迎广大考生报考大连理工大学。我在美丽的大工校园等着你。”郭东明说。（文/李依环、实习生张婷；视频剪辑/郑嘉豪）"
http://edu.people.com.cn/n1/2022/0603/c1006-32437792.html,苗山儿童迎端午,"
	 
	　　6月2日，在广西融水苗族自治县杆洞乡党鸠村，青年团员和小学生学习包粽子。 
	　　当日，广西融水苗族自治县团委在该县杆洞乡党鸠村举办传统文化进校园主题活动，青年团员和小学生们通过包粽子、学习端午文化等活动，迎接传统佳节的到来。 
	　　新华社记者 黄孝邦 摄"
http://edu.people.com.cn/n1/2022/0602/c1006-32437513.html,南开大学历史学院大中衔接人才培养高峰论坛举行,"
	人民网北京6月2日电 （记者郝孟佳）近日，南开大学历史学院大中衔接人才培养高峰论坛举行。南开大学历史学院党委书记黄家友认为，中学是人一生中很重要的阶段，很大程度上影响了大学的专业、工作的职业和人生的发展。 
	南开大学历史学院院长余新忠表示，学校与高中共建历史学基地的两个连接点，一是良好的历史学科基础，二是对拔尖人才培养的追求。“欢迎有志于史学研究的青年学子来到南开，也希望通过高校学术资源的输出，发掘培养一批对历史有兴趣、有才华的拔尖人才。” 
	南开大学历史学高中基础人才培养基地执行委员会主任 
	在主旨演讲环节，南开大学历史学院副院长夏炎以“新文科背景下南开大学历史学科‘专通结合’的人才培养举措”为题，从学科优势以及拔尖人才培养的举措两方面展开，全面介绍了师资力量、课程体系等学院特色，以及先行先试的拔尖人才培养模式及针对拔尖学生开展的“伯苓班读书会”“名师面对面”等一系列学术活动，致力培育惟真惟新、求通致用的学术人才。 
	北京市陈经纶中学高中部校长贺小兵提到，中学要为学生搭建平台，提供更有效的支持和引领。高校教育资源的引进，对于中学更深刻了解了大学的选材方向从而为中学生提供差异化的课程供给起到了关键作用。 
	东北育才双语学校高中部校长郜琳荭谈到，高中要探索与个性化教育相匹配的课程管理模式，指导学生学会学习，进而学会自主学习和创造性学习，为后续的高层次发展奠定扎实的基础。“大中贯通的教育方式使中学接触到宝贵的前沿资源，利于选材、育材，体验营、研学营等活动为学生创造了自主学习的空间，培养了学生基础研究能力，受到学生和家长的赞誉。” 
	“中学担负着向大学提供优质生源的重任，大学肩负着人才培养、学术创新、文化引领的重要责任，共同的使命需要双方共同搭建平台，拓展创新教育的新途径，实现有效衔接的共同目标。”林州市第一中学校长元付宏说。 
	河北峰峰第一中学副校长李凯期待，未来能和南开大学共同在乡土历史资源开发、校本课程建设等方面继续拓展延伸，对学生予以更好地引导和支持，促进学生发展。 
	南开大学历史学高中基础人才培养基地执行委员会副主任张立军指出，大中衔接人才培养相关工作的开展为拔尖创新人才构筑了更为宽广的成长通道，体验营、研学营、讲座等一系列活动进一步促进了中学与大学间的交流互动，激发了中学生对历史学科的学习兴趣，拓展了学科视野。通过贯通式的培养模式，构建了大学中学共育的生态，从而为不同学生提供更好的、更具个性化的成长通道，为成为拔尖创新人才奠定成长之基。"
http://edu.people.com.cn/n1/2022/0607/c1006-32440256.html,来了！2022年高考语文作文试题出炉,"
	人民网北京6月7日电 （记者孙竞）今天上午，2022年全国高考正式拉开大幕，千万考生迈入考场。刚刚，语文科目的考试正式结束，人民网记者盘点了2022年普通高考语文作文试题。 
	 
	试题内容： 
	阅读下面的材料，根据要求写作。（60分） 
	《红楼梦》写到“大观园试才题对额”时有一个情节，为元妃（贾元春）省亲修建的大观园竣工后，众人给园中桥上亭子的匾额题名。有人主张从欧阳修《醉翁亭记》“有亭翼然”一句中，取“翼然”二字；贾政认为“此亭压水而成”，题名“还须偏于水”，主张从“泻出于两峰之间”中拈出一个“泻”字，有人即附和题为“泻玉”；贾宝玉则觉得用“沁芳”更为新雅，贾政点头默许。“沁芳”二字，点出了花木映水的佳境，不落俗套；也契合元妃省亲之事，蕴藉含蓄，思虑周全。 
	以上材料中，众人给匾额题名，或直接移用，或借鉴化用，或根据情境独创，产生了不同的艺术效果。这个现象也能在更广泛的领域给人以启示，引发深入思考。请你结合自己的学习和生活经验，写一篇文章。 
	要求：选准角度，确定立意，明确文体，自拟标题；不要套作，不得抄袭；不得泄露个人信息；不少于800字。 
	 
	试题内容： 
	阅读下面的材料，根据要求写作。（60分） 
	 
	双奥之城，闪耀世界。两次奥运会，都显示了中国体育发展的新高度，展示了中国综合国力的跨越式发展，也见证了你从懵懂儿童向有为青年的跨越。亲历其中，你能感受到体育的荣耀和国家的强盛；未来前行，你将融入民族复兴的澎湃春潮。卓越永无止境，跨越永不停歇。 
	请结合以上材料，以“跨越，再跨越”为主题写一篇文章，体现你的感受与思考。 
	要求：选准角度，确定立意，明确文体，自拟标题；不要套作，不得抄袭；不得泄露个人信息；不少于800字。 
	 
	试题内容： 
	阅读下面的材料，根据要求写作。（60分） 
	“本手、妙手、俗手”是围棋的三个术语。本手是指合乎棋理的正规下法；妙手是指出人意料的精妙下法；俗手是指貌似合理，而从全局看通常会受损的下法。对于初学者而言，应该从本手开始，本手的功夫扎实了，棋力才会提高。一些初学者热衷于追求妙手，而忽视更为常用的本手。本手是基础，妙手是创造。一般来说，对本手理解深刻，才可能出现妙手；否则，难免下出俗手，水平也不易提升。 
	以上材料对我们颇具启示意义。请结合材料写一篇文章，体现你的感悟与思考。 
	要求：选准角度，确定立意，明确文体，自拟标题；不要套作，不得抄袭；不得泄露个人信息；不少于800字。 
	 
	试题内容： 
	阅读下面的材料，根据要求写作。（60分） 
	中国共产主义青年团成立100周年之际，中央广播电视总台推出微纪录片，介绍一组在不同行业奋发有为的人物。他们选择了自己热爱的行业，也选择了事业创新发展的方向，展示出开启未来的力量。 
	有位科学家强调，实现北斗导航系统服务于各行各业，“需要新方法、新思维、新知识”。她致力于科技攻关，还从事科普教育，培育青少年的科学素养。有位摄影家认为，“真正属于我们的东西，是民族的，血脉的，永不过时”。他选择了从民族传统中汲取养分，通过照片增强年轻人对中国文化的认同。有位建筑家主张，要改变“千城一面”的模式，必须赋予建筑以理想和精神。他一直努力建造“再过几代人仍然感觉美好”的建筑作品。 
	复兴中学团委将组织以“选择·创造·未来”为主题的征文活动，请结合以上材料写一篇文章，体现你的认识与思考。 
	要求：选准角度，确定立意，明确文体，自拟标题；不要套作，不得抄袭；不得泄露个人信息；不少于800字。 
	 
	试题内容： 
	微写作（10分） 
	从下面三个题目中任选一题，按要求作答。不超过150字。 
	（1）校学生会成立新社团“悦读会”，要拟一则招新启事。请你围绕“阅读带来审美愉悦”这一宗旨，为启事写一段话。要求：语言简练，有吸引力。 
	（2）核酸检测排队时需要两米安全距离，一些社区为两米间隔线设置了安全贴心、形式多样的标志，有的是撑起的晴雨伞，有的是贴在地上的古诗词图片。请你选择一个检测点，依据其环境特点，设计两米间隔线标志，并写出设计理由。要求：语言简明，条理清晰。 
	（3）请以“像一道闪电”为题目，写一段抒情文字或一首小诗。要求：感情真挚，语言生动，有感染力。 
	作文（50分） 
	从下面两个题目中任选一题，按要求作答。不少于700字。将题目写在答题卡上。 
	（1）古人说，“学不可以已”，重视学习是中华民族的优良传统。在当代中国，人们对学习的理解与古人有相同之处，也有不一样的地方。 
	请以“学习今说”为题目，写一篇议论文。可以从学习的目的、价值、内容、方法、途径、评价标准等方面，任选角度谈你的思考。 
	要求：论点明确，论据充实，论证合理；语言流畅，书写清晰。 
	（2）网络时代、疫情期间，很多活动转向“线上”，你一定有不少关于“在线”的经历、见闻和感受。 
	请以“在线”为题目，写一篇记叙文。 
	要求：思想健康；内容合理、充实，有细节描写；语言流畅，书写清晰。 
	 
	试题内容： 
	阅读下面的材料，根据要求写作。（60分） 
	烟火气是家人团坐，灯火可亲；烟火气是国泰民丰，岁月安好；烟火气是温情，是祥和，需要珍惜和守护，也需要奉献和担当。寻常烟火，就是最美的风景。 
	你对这段话有怎样的思考和感悟？请结合自身体验，写一篇文章。 
	要求：①自选角度，自拟标题； ②文体不限（诗歌除外），文体特征明显； 
	③不少于800字；④不得抄袭，不得套作。 
	 
	试题内容： 
	阅读下面文字，根据要求作文。（60分） 
	近年来，浙江省着力强化创新驱动，深入实施人才强省、创新强省首位战略，深入实施“鲲鹏行动”“高层次人才特殊支持计划”等人才工程，全省高质量发展水平持续提升。 
	新时代浙江青年，在各行各业、不同领域开拓创新。如95后姑娘徐枫灿，在空军航空大学刻苦训练、满分通过考核，成为我国陆军首位初放单飞的女飞行员；90后青年工人杨杰，从一名普通的学徒工成长为“浙江工匠”，获得浙江省劳动模范称号；之江实验室智能超算研究中心团队，35岁以下成员占比近九成，勇闯国内智能超算领域“无人区”，斩获超算应用领域的国际最高奖项——戈登贝尔奖…… 
	以上材料对你未来发展有什么启示？请写一篇文章。 
	【注意】①角度自选，立意自定，题目自拟。②明确文体，不得写成诗歌。 ③不得少于800字。 ④不得抄袭、套作。"
http://edu.people.com.cn/n1/2022/0603/c1006-32437807.html,探访北京高考考点：确保安全考试 提供温馨服务,"
	　　6月7日至10日，北京市5.4万考生将迎来2022年高考。正值本轮疫情防控的攻坚扫尾关键时期，全市考点怎样分级分类做好疫情防控？如何降低疫情带来的影响，确保全体考生“应考尽考”？ 
	 
	　　图为北京市东直门中学高考考点内的候考区。　中新社记者 富田　摄 
	　　北京市东直门中学考点是全市99个常规考点之一，已经做好了“应考”准备。记者在该考点外看到，两条考生通道已清晰划分。校门前，一块提示考生进行“身份验证”的指示牌尤为醒目，另一块指示牌上则注有“请同学们单行，间隔一米以上，有序进入考点”的温馨提示。 
	 
	　　图为北京市东直门中学高考考点内，老师在贴考场信息。　中新社记者 富田 摄 
	　　6月2日起，北京市非涉疫高三学生可以返校。早7时起，北京市东直门中学的高三学子们陆续到校。记者看到，学生佩戴N95口罩，间隔1米，验码、测温后，沿单向路径有序前往熟悉的教室。 
	　　记者了解到，疫情下，让高三考生们返校，主要目的是缓解考生焦虑情绪。如果学生居住地距学校较远，或目前学习生活已成规律，也可选择不返校。 
	　　高考在即，如何保障考生安全考试？北京市东直门中学校长熊劲介绍，该考点实行闭环管理，考生进门时须先测温，如温度异常，将通过专门设置的发热学生通道进入临时隔离区，随后研判是否启用备用考场考试。在这一过程中，发热考生与其他考生不会出现任何交集。 
	　　沿常规通道按“考场方向”的指示标前行，北京市东直门中学考点最多将有390名考生根据各自的考场分配进入候考区。熊劲说，今年该考点共设置了13个考场，3个备用考场。在提前到达考点后，考生会在较为空旷的篮球馆进行候考。 
	 
	　　图为北京市东直门中学高考考点，负责防疫的老师在考场整理防疫用品。　中新社记者 富田 摄 
	　　篮球馆内的显示屏上，“沉着、冷静、认真、细致，祝考试顺利！”的大字实时为考生鼓劲。候考时，场内还会播放舒缓音乐，使考生情绪放松。 
	　　温馨服务是今年北京高考的一大特点。在北京市东直门中学考点，考生在前往考场途中可向服务台的老师“求助”：橡皮、口罩、一次性纸杯……熊劲介绍，为满足考生可能出现的临时需求，考点的每一层都设置了一个服务台，并配备服务教师解决上述问题，为考生提供帮助。 
	　　走进考场内，校医正在对课桌椅进行消杀。据介绍，在考试期间，每间考场都须在每一科目开考前开窗通风至少半小时，并在考试后进行彻底消杀。在考场里，同样配备了免洗洗手液、消毒湿巾、口罩等防疫用品，以备不时之需。 
	　　“每间考场有三十名考生，每名考生间距1米。”熊劲说，今年最多有7个中学的390名考生在北京市东直门中学考点考试，与往年统一发放准考证不同，考生们进入考场后，监考老师将把考生提前打印的临时准考证换为正式准考证。为了应对相关人员可能出现被临时封管控的情况，考点配备了约为往年两倍的考务人员力量，合计约150人。 
	　　“北京将尽一切可能确保高考如期举行、应考尽考、安全考试。”北京市教委新闻发言人李奕表示，今年北京设置了常规考点、封管控考点、在集中医学观察场所和医疗救治场所设置的考场等三类考点(场)，并针对本轮疫情可能出现的突发情况准备了大量备用考点考场。目前，全市各类考点设置均已落点落位，人员储备、物资保障已经全部到位。 
	　　根据北京市教委公布的高考期间疫情防控、考试安全以及考生服务等各项措施，封管控考点设置在符合条件的宾馆酒店或具备食宿条件的学校，整个过程闭环管理。封控区考生实行一人一考场，管控区考生可多人一考场，考位间距不小于2米，来自不同管控区的考生安排在不同考场。确诊病例、无症状感染者和处于集中医学观察期的考生则会在地坛医院、小汤山医院和其所在集中医学观察地点设置的考场考试，此类考生为单人单场考试，考后试卷、答题卡消毒后密封送交。 
	　　据介绍，北京市各考点都加强了考务人员健康管理，所有考务人员须接种疫苗、提供48小时内核酸检测阴性证明，并进行考前14天健康监测。 
	　　熊劲表示，在疫情防控的大环境下，考点精心筛选了经验丰富、负责任且业务能力强的核心骨干作为高考考务人员，确保考务工作顺利流畅。 
	　　“目前，全市教育系统已做好充分准备。”李奕说，北京将确保今年高考安全和公平公正，并加强人文关怀，保障学生顺利考试。(徐婧 程宇)"
http://edu.people.com.cn/n1/2022/0603/c367001-32437919.html,时光不负奋斗，青春不负梦想,"又是一年高考时，又是一个属于试卷、夕阳、汗水与呐喊的夏天。            高考，是漫漫人生路上的一次重要经历。那年风华正茂，奋笔疾书；那年披星戴月，风雨兼程。高考，是无数学子通向未来梦想的路口。从此改变命运，踏上征程；从此奔向远方，天高海阔。            高考，是无数人共同的记忆。在2022年高考即将到来之际，我们邀请了五位来自大学的高考“过来人”，讲述他们的高考故事与人生理想。时光不负奋斗，青春不负梦想，愿每一位执笔少年圆梦高考。 
	 
	李梓瑞在“互联网+”大学生创新创业大赛现场 
	我的高考，已是七年前的事情。但每当提及这两个字，那些曾经的时光和回忆立刻浮现在眼前。 一路走来虽然充满了挫折与挑战，但却也走得踏实而坦然。 
	学道须当猛烈，始终确守初心。对高中时的我而言，念念不忘的正是一颗能源清洁利用的初心。位于鞍山的鞍钢是新中国第一个恢复建设的大型钢铁企业，我生在东北，自幼深知重工业为国家的经济发展带来了重要的贡献，但也切身体会到传统能源使用过程中造成一系列的环境问题。 
	如何避免工业革命中传统能源对环境的冲击？在那个时候，我就立志要通过科学研究为能源清洁利用贡献自己的一份力量。在这个目标的激励下，高中时的我对数学、物理和化学产生了极大的兴趣。初心使然，兴趣驱动，在保证不偏科的前提下，让我得以在这些科目上取得了不错的成绩，最终也如愿以偿考入浙江大学，进入能源与环境系统工程专业学习。 
	合抱之木，生于毫末；百丈之台，起于垒土。找到契合的目标后，重要的在于“默默扎根”的深度。 
	高考和科研在本质上都是一个厚积薄发的过程。十年寒窗，有风有雨是常态，可能会经历过无数次的挫折，但一定要保持风雨无阻的心态，暗自扎根。这样，当我们真正走出高考考场时，可以坦然迎接必有回响的状态。 
	我的高考过程亦是如此，默默扎根的积淀换来了我在高考考场上的坦然，使我以最自信的状态完成了这场重要考试。进入浙江大学后，这里独特的科研氛围以及导师资源让我在本科阶段就得以进入实验室从事自己感兴趣的科研方向。 
	“兴趣+投入”产生了“1+1>2”的效果，正是本科期间的科研积累，让我能够在进入博士阶段三年期间，就有了8篇学科顶尖国际期刊论文的成果产出。在未来，我将更加坚定我的科研方向，扎根在面向低碳供热的储能技术研究，为祖国的能源事业、人类的能源未来贡献力量。 
	高考不是终点，而恰恰是人生新征程的起点，在青春赛道的起跑线上，保持对梦想的执着，以最自信的姿态面对高考，青春因磨砺而出彩，努力定当不会被辜负，梦想终将会实现。"
http://edu.people.com.cn/n1/2022/0603/c1006-32437970.html,西南石油大学党委书记陈永灿：祝愿大家以最佳状态迎接新挑战 取得好成绩,"2022年全国高考即将拉开大幕，千万考生将怀揣梦想，勇敢奔赴考场。近日，多所高校的书记、校长通过视频等方式为考生送上诚挚祝福。 
	 
	人民网北京6月3日电 （记者郝孟佳）2022年高考已进入倒计时阶段。近日，西南石油大学党委书记陈永灿通过视频寄语高考学子，祝愿大家以最佳的状态，迎接新挑战，取得好成绩。 
	陈永灿介绍，西南石油大学是国家“双一流”建设高校，是一所以工为主、文理工学科协调发展的多科性综合性大学，学校拥有8个学科门类。石油与天然气工程学科优势突出，工程学、化学、材料科学、地球科学等学科处于世界高水平行列，在清洁能源与新材料领域具有差异化优势和特色，是国家能源行业人才培养和科学研究的重要基地。 
	陈永灿说：“同学们！你们是祖国的未来、民族的希望。我们非常期待你们的到来，在建设一流能源大学新征程中，全面提升服务经济社会发展、保障国家能源安全的本领和能力，努力成为能够担当民族复兴大任的时代新人。”"
http://edu.people.com.cn/n1/2022/0602/c1006-32436985.html,上海交通大学：把钱学森精神打造成“金名片”,"
	一谈起钱学森，侯广峰就有说不完的故事。 
	侯广峰是上海交通大学党委组织部工作人员，已在该校工作多年，是学校钱学森精神传承示范基地的负责人，也是“学风传承行动”的参与者。 
	“钱老是上海交通大学1934届校友，对我们来说，他不仅是‘两弹一星’元勋、一位值得敬重的科学家，也是我们的学长、一个让我们看得见脚步的人。”侯广峰举例说，2011年钱学森诞辰100周年时，经中央批准上海交通大学建成了以钱学森命名的国家级纪念馆、博物馆——“钱学森图书馆”。这座图书馆里收藏了大量与钱学森相关的文献、照片、手稿、实物等，布设了大约3000平方米的展出场地，对校内师生和社会公众开放。 
	“2011年开馆的钱学森图书馆，已经成为研究钱学森思想和精神的重地，成为学风建设和弘扬科学家精神的高地。上海交通大学‘学风传承行动’的一个特色，就是打造了钱学森精神这张‘金名片’。”侯广峰说。 
	 
	10年前，原创话剧《钱学森》在上海交通大学首演，同年即获得中国戏剧奖子奖——校园戏剧奖。话剧全剧由“序幕”“国难当头”“毕业歌”“冯·卡门家的圣诞夜”“冲破黎明前的黑暗”“难忘的一夜”“尾声”等7部分组成。剧情表现了钱学森赴美留学、毅然归国、回国投身国防事业等重要历史事件。《钱学森》也是国内校园“大师剧”的代表作之一。 
	“虽然这部剧首演是在2012年，但是它在上海交通大学的影响力可没有停留在2012年，这是一部‘常演常新’的话剧。”侯广峰解释说，学生剧团和专业剧组不同，每年都有大批学生演职人员毕业，人员更迭不断发生，剧务工作届届相承。除了前台的演员，参与话剧的还有后台的灯光、舞美、服道化工作者等。《钱学森》走过10年，也由此影响了10余届学生。侯广峰用一句话总结这种模式，叫做“演者观者皆受教”。 
	 
	“除了展览、话剧这些比较传统的学风建设形式，上海交通大学是教育部首批教育融媒体建设试点单位，因此在融媒体方面也做了大量的工作。我们围绕钱老的成长经历、学习目标、责任担当、精神追求以及教育思想等，制作了大批相关音视频作品，力求打造一个立体传播体系。在制作作品的时候，我们的基本思路是以教师为主导，学生为主体，最大程度上发挥学生的主观能动性。” 
	在风启学林网站上，有多个来自上海交通大学的视频作品，例如《传承钱学森精神，探求钱学森之问》《坚守初心，航空救国》，以及《选择交大，就选择了责任》。侯广峰介绍说，为了拉近作品和青年学生的距离，视频内容突出了少年钱学森的形象，并且表现了两代上海交通大学校友之间的“代际对话”。侯广峰认为，这种形式可以赢得学生对钱学森精神的价值认同与情感认同。 
	“除了视频，我们还有音频节目。”侯广峰告诉科技日报记者，钱学森图书馆教育团队在馆藏文献资料基础上撰写文案，音频由讲解员诵读，专业团队录音制作。 
	 
	“我们学校致力于打造一支学风建设和钱学森精神研究、传承与宣传的骨干队伍。我们把科学家精神和学风建设结合起来，是在‘三位一体’的实践当中完成的。”侯广峰解读说，所谓“三位一体”指的是见人、见物、见精神，分别代表挖掘典型案例、开发宣教课程、弘扬科学家精神。 
	在视频作品《选择交大，就选择了责任》当中，在话剧中扮演钱学森的学生、话剧团团长许左结合视频和口述史讲述了钱学森的学习目标、责任担当和精神追求，为钱学森精神做了阐释。上海交通大学有关部门把钱学森精神相关音视频作品在各个新媒体平台播送，从受众学生当中寻找学风传承行动的参与者。侯广峰表示，有很多学生受钱学森精神影响与感召，自愿申请加入钱学森精神学生宣讲团，为弘扬钱学森精神作出自己力所能及的贡献。（孙明源）"
http://edu.people.com.cn/n1/2022/0527/c1006-32431867.html,一个教学点41年的坚守,"
	 
	　　这是5月25日拍摄的广西贺州市昭平县五将镇良风村小学冲尾教学点（无人机照片）。 
	　　龚寿新是广西贺州市昭平县五将镇良风村小学冲尾教学点的老师，从1981年走上讲台至今，他在这个大山深处的教学点坚守了41年。 
	　　冲尾教学点负责良风村4个村民小组适龄儿童小学一到三年级教学，绝大部分时间只有龚寿新一位教师，目前有3名学生。龚寿新家住昭平县城，到学校单程骑摩托车需要一个半小时，中间还要坐一次渡船，他周一到周五都住在教学点，周末才能回家。 
	　　41年匆匆而过，1963年出生的龚寿新，再完成下个学期的教学任务就退休了。回望自己的教师生涯，龚寿新心中有眷恋也有欣慰：“41年来，我教的学生里有21人考上大学，有的还上了重点大学。”曾获得“贺州市优秀共产党员”荣誉称号的龚寿新说，刚当老师时，一心想着不能让大山里的孩子失学，“如果让我再次选择职业，我还是当老师，还守在这个地方。” 
	　　新华社记者 陆波岸 摄"
http://edu.people.com.cn/n1/2022/0602/c1006-32436962.html,总投资超10个亿 中国民航大学加强实验室建设,"
	实验室作为学校从事人才培养和科学研究的重要基地，支撑着学校教学、科研和学科建设“三驾马车”高速前行。 
	记者近日从中国民航大学了解到，截至目前，该校在实验室建设方面获得北京大兴民航科技创新基地（民航大学）项目和宁河新校区二期项目的立项批复，实验室总投资将达到10个亿以上。 
	据了解，北京大兴民航科技创新基地（民航大学）项目，聚焦“适航和安全”科学技术研究，着力构建“1+6”体系，即以一个未来航空运输系统安全研究所为牵引，6个核心要素研究部为支撑；宁河新校区二期项目以飞联网技术为主线，开展民航综合交通研究中心建设，同时建设满足学校各专业实践教学需求的教学实验室。 
	近年来，中国民航大学已支持多个实验室项目建设，其中空管专业实验室和机务虚拟仿真中心项目两个5000万级实验室已建设完成并投入使用，适航审定相关平台项目、绿色发展实验室项目等正在开展持续建设工作。 
	实验室建设与管理是一项系统工程，中国民航大学实验室管理部门通过“走出去、请进来”模式，不断增强调查研究，认真梳理和创新实验室建设管理新模式，逐步形成了“建—管—用—评”四位一体的实验室管理体系。中国民航大学实验室管理部门通过设立实验技术创新基金项目，促进技术创新和方法研究，通过实验室管理智能化、数字化系统建设，提升实验室管理水平和效率，实现“数据清、决策准、服务好”。 
	与此同时，中国民航大学不断强化实验室运行保障机制建设。在人才队伍建设方面，学校已完全打通校内实验技术人才队伍的职称评审通道，由实验教学岗与实验技术岗等岗位人员组成实验技术人才队伍，最大程度地提升了实验技术人才的工作积极性；在机制体制建设方面，学校经过系统设计、需求沟通、功能开发、调试运行、功能完善等一系列建设工作，形成了现行的由实验室综合智能管理系统为核心的“1+N”信息管理系统架构体系；在政策扶持方面，通过强化制度建设，不断探索低碳运行技术创新，为实验室安全运行提供政策保障。2014年，学校正式启动实验室使用效益评估机制研究，获得天津市教委的肯定。 
	中国民航大学航空工程学院副教授王轩说：“对于高校来说，实验室建设是高校高质量内涵式可持续发展的基础和重要条件。教学和科研实验室的建设，使本科生和硕士生的教学实验条件得到了大幅改善，实验室环境、实验室安全、实验室文化等建设工作都有了明显的进步。同时，学校实施的实验技术创新基金项目有力推动了全校教师实验技术能力的提升，涌现出的优秀实验技术成果在全国大赛中多次获奖。此外，学校实施的大型仪器设备共享办法大大提高了设备利用率，使全校教师能够从中获益，为学校人才培养和科学研究提供了强有力的支撑。”（陈曦、吴金栋、任光辉）"
http://edu.people.com.cn/n1/2022/0528/c1006-32432759.html,新版《红领巾》国家标准发布,"
	市场监管总局（标准委）近日批准发布了新版《红领巾》国家标准（GB/T 28846-2022），标准由共青团中央、全国少工委会同相关单位编制。 
	该标准是在2012年版《红领巾》国家标准（GB/T 28846-2012）基础上进行的修订，在红领巾的规格、要求、试验方法、检验规则、包装、储运和标志等方面提出了具体细化指标，较2012年版国标在安全、色牢度、色差、实用性等方面进行了全面加强，明确提出基本安全类项目要符合GB 31701的B类（直接接触皮肤类的儿童纺织产品）标准，加严了产品缝制和外观疵点要求，提高了整体质量标准。 
	红领巾是少先队员的标志，是少先队组织的重要象征，具有重要的政治意义和精神内涵。近年来，为加强红领巾等少先队标志标识的规范使用和管理保护，共青团中央、全国少工委出台了《中国少年先锋队标志礼仪基本规范》《中国少年先锋队红领巾、队旗、队徽、队委（队长）标志和队歌使用管理规定》，联合市场监管总局等有关部门先后印发了《关于加强红领巾等少先队标志标识规范和保护工作的通知》等多个文件，从制度规范、工作机制等层面强化了要求。同时，组织专业机构修订红领巾国家标准，进一步明确红领巾的生产技术标准，提高红领巾产品质量。新版《红领巾》国家标准将于2022年11月1日正式实施。 
	该标准的发布实施，为生产企业提供更新更高的技术要求，将有助于提升市场流通的红领巾产品质量，进一步满足少先队员需求和少先队工作需要，对于突出少先队标志标识庄严的政治涵义、维护少先队组织形象、增强少先队员光荣感具有重要意义。（总台央视记者 李晶晶）"
http://edu.people.com.cn/n1/2022/0528/c1006-32432754.html,教育部：鼓励高水平师范院校开设科学教育专业,"
	教育部26日印发《关于加强小学科学教师培养的通知》，要求建强一批培养小学科学教师的师范类专业，通过师范生公费教育、“优师计划”等，从源头上加强本科及以上层次高素质专业化小学科学教师供给。鼓励高水平师范院校整合校内外优质资源开设科学教育专业。持续加强现有科学教育专业建设，推动相关院校扩大科学教育专业招生规模。 
	通知明确，加大相关专业科学教师人才培养力度。推动师范院校面向小学科学教师补充需求，扩大数学与应用数学、物理学、化学、生物科学、地理科学、教育技术学等师范类专业以及主修理工科的小学教育专业招生规模。鼓励相关工科专业参与小学科学教师培养。强化小学科学学科教育教学方法实训，着力培养理工科专业背景、能胜任小学科学课程教学任务的教师。 
	教育部还要求创新小学科学教师培养协同机制。深化师范院校、地方政府、小学协同培养机制，发挥一线小学教师、科技辅导员等对师范生培养的指导作用，聚焦小学科学教师专业核心素养与科学教育实践能力培养协同创新。支持师范院校与理工科大学开放课程、学分互认、互派教师，鼓励中国科学院、中国工程院下辖单位相关专家到师范院校兼职，加强师范院校间协同，合作培养小学科学教师。支持师范院校与科研院所、科技馆、博物馆、天文台及其他科普教育基地、高新技术企业等建立合作关系，全面提升面向小学教师培养的相关专业师范生创新开展科学教育活动的能力。（记者晋浩天）"
http://edu.people.com.cn/n1/2022/0527/c1006-32431906.html,安徽颍上：科普知识进校园,"
	 
	 　　 
	5月26日，颍上县第十六小学学生在操控机器人。 
	　　连日来，安徽省阜阳市颍上县开展“科普知识进校园”活动，通过科学小实验、科技成果展板、科普讲座等形式，丰富校园文化生活，让学生们身临其境感受科技的魅力。 
	　　新华社记者 曹力 摄"
http://edu.people.com.cn/n1/2022/0528/c367001-32432887.html,人教社就教材插图问题致歉：深感自责和内疚,"
	人民网北京5月28日电 （记者李依环、孙竞）近期，人教版小学数学教材插图受到社会广泛关注。人民教育出版社今日发布整改说明称，已成立工作专班，全面负责小学数学教材插图整改工作，到今年9月1日前全面整改到位，确保2022年秋季学期开始按时使用新教材。 
	整改说明中提到，人教社已进行认真反思，深感自责和内疚，表示深深的歉意，对于大家对人教社中小学教材的关心表示真诚的感谢。 
	人教社表示，目前已成立工作专班，全面负责小学数学教材插图整改工作： 
	一、启动相关工作，到今年9月1日前全面整改到位，确保2022年秋季学期开始按时使用新教材。 
	二、按照有关规定和流程，在全国范围内重新遴选优秀设计团队，对小学数学全套教材所有插图进行绘制更换。 
	三、在重新绘制过程中，将专门听取社会各界尤其是一线师生及家长的意见和建议。 
	四、深刻吸取教训，举一反三，完善机制，对人教社其他教材进行深入排查，发现问题立即整改。 
	人教社称，真诚接受社会各界的监督，欢迎大家对教材工作提出意见建议。"
http://edu.people.com.cn/n1/2022/0527/c1006-32431961.html,教育部：扩大科学教育专业招生规模 加强小学科学教师培养,"
	据教育部网站消息，5月26日，《教育部办公厅关于加强小学科学教师培养的通知》发布。《通知》要求，建强科学教育专业扩大招生规模，加大相关专业科学教师人才培养力度。鼓励高水平师范院校整合校内外优质资源开设科学教育专业。 
	《通知》要求，建强科学教育专业扩大招生规模。鼓励高水平师范院校整合校内外优质资源开设科学教育专业。持续加强现有科学教育专业建设，及时总结、交流人才培养经验，推动相关院校扩大科学教育专业招生规模，培养高素质专业化小学科学教师队伍。 
	加大相关专业科学教师人才培养力度。推动师范院校面向小学科学教师补充需求，扩大数学与应用数学、物理学、化学、生物科学、地理科学、教育技术学等师范类专业以及主修理工科的小学教育专业招生规模。鼓励相关工科专业参与小学科学教师培养。强化小学科学学科教育教学方法实训，着力培养理工科专业背景、能胜任小学科学课程教学任务的教师。 
	优化小学科学教师人才培养方案。师范院校要根据《义务教育科学课程标准(2022年版)》要求，加强小学科学教育及教师人才培养研究，聚焦高质量小学科学教师培养目标，优化科学教育等相关专业师范生培养方案。着眼科技与教育发展趋势，立足科学教育的综合性，强化学科横向联系，鼓励学生辅修其他理工科专业或核心课程模块(微专业)，拓宽专业基础。加强理工科教育教学实验室建设，创新教学方法，强化教育实践，着重提升师范生项目式教学、跨学科教学等实践能力。 
	创新小学科学教师培养协同机制。深化师范院校、地方政府、小学协同培养机制，加强人才培养供需对接，发挥一线小学教师、科技辅导员等对师范生培养的指导作用，聚焦小学科学教师专业核心素养与科学教育实践能力培养协同创新。支持师范院校与理工科大学开放课程、学分互认、互派教师，鼓励中国科学院、中国工程院下辖单位相关专家到师范院校兼职，加强师范院校间协同，合作培养小学科学教师。支持师范院校与科研院所、科技馆、博物馆、天文台、植物园及其他科普教育基地、高新技术企业等建立合作关系，充分利用社会科普资源、科技创新第一现场开展教研，优化教师培养，全面提升面向小学教师培养的相关专业师范生创新开展科学教育活动的能力。 
	《通知》还指出，各地要高度重视小学科学教育在提升公民科学素养、建设创新型国家中的奠基作用，要将专职教师配备作为教师队伍建设的重要内容，纳入督导评价。省级教育行政部门要专题调研省域内小学科学教师配置情况，加强小学科学教师队伍需求测算，结合师范生公费教育、“优师计划”、“特岗计划”等，加大小学科学教师定向补充力度，并形成《加强小学科学教师培养工作方案(2022—2025年)》，规划本省(区、市)2022—2025年依托高水平院校开设科学教育等专业的招生人数，以加强小学科学教师培养为目标扩大理工科师范类专业招生计划、优化现有理工科师范生培养方案的具体安排等。 
	部属师范大学要积极服务科教兴国、人才强国战略，结合各地需求加大科学教育及相关专业师范生培养力度。经过持续努力，培养一批高素质专业化创新型小学科学教师后备人才，推动科学教育及相关专业师范毕业生从事小学科学教育工作，支撑小学科学教育高质量开展。"
http://edu.people.com.cn/n1/2022/0531/c1006-32434569.html,真正“出力流汗”的劳动课什么样,"
	“今天我尝试了用‘磁力吸’擦玻璃。起先擦得不得法，玻璃越擦越花，后来在妈妈的指导下，我逐渐掌握了力度、速度和方向，从高到低、从左到右，有规则地慢慢移动，哇！玻璃变得明亮又干净。我还总结了个小tip（窍门）：‘磁力吸’泡水里清洗时可别让它们合在一起，否则很难分开。”宁波市四眼碶小学学生刘子莘完成家务劳动后，在日记中记录下所思所感。 
	随着教育部《义务教育课程方案和课程标准（2022年版）》（以下简称“新课标”）公布，单独设立的劳动课即将出现在秋季学期中小学生的课表里，让学生和家长有了新的期待。真正能“出出力，流流汗”的劳动课应该怎么开？师资如何调配，场地如何选择，家校社三方如何配合联动？和四眼碶小学一样，中小学校管理者和老师们面临新课题。 
	一问 每周不少于1课时，课程如何安排 
	观看中国结作品、总结对中国结的认识、实物投影、课件演示、实物演示讲解编制方法、总结对比“吉祥结、玉米结”的相同与不同……四眼碶小学六年级劳动课教师以“打中国结”为主题设计了一份劳动课教案。 
	新课标提出，中小学劳动、信息科技教学内容及所占课时，将从综合实践活动课程中独立出来，劳动课将单独占有每周不少于1课时的时间。那么，上课学什么？ 
	“对于打结、系垃圾袋等操作性比较强的内容，我们围绕教材任务展开，比如先给学生看小视频示范，再??用半节课时间让孩子们进行练习，然后互相点评，学习反馈；有一些相对复杂的，在一堂课时间内完不成，就会布置家庭作业，下一节课请同学们做成果展示，分享体会，大家互相学习。”四眼碶小学副校长朱晓莉说。 
	同时，朱晓莉告诉记者，浙江省已经有了统一的劳动课教材，但并未提供相应教学参考材料。“所以我们学校老师以年级为单位集体备课，最后生成一份年级共享的劳动教案。毕竟这是一门新课程，有了这样一份教学计划，大家上课就有据可依了，??不会偏离整体目标。” 
	湖南省祁东县启航学校是一所九年一贯制学校，这里的孩子们每周要上两节劳技课，每天17:50到18:30为“生活劳动指导时间”。小学部校长贺娟娟展示了一份课表，周一为家政课、宿舍个人整洁，周二、三、五、日做班级田地管理，周四班级卫生整洁，周六全校卫生大清扫。 
	“学校87%以上的学生是留守儿童，小学就寄宿在校。为培养生活自理能力，家政课会包含个人整洁、房间整理、烹饪基础等内容，学校生活老师指导学生洗衣服、缝扣子，缝制布袋、垫子，锻炼孩子手、脑、眼的协调能力。”贺娟娟介绍，今年学校建成了占地约40亩的农耕文化基地，每个班都有一块或大或小的田地，每周劳技课上，教师教学生种植蔬菜，比如西红柿、黄瓜、南瓜、茄子，以及一些常见的花草植物。“等到了能收获食用的时候，学生将所种蔬菜采摘后送到学校食堂，午餐就能吃到自己的劳动成果了。” 
	“开设专门的劳动课，其实主要是为了发挥带动引领作用，”东北师范大学家庭教育研究院院长赵刚表示，“劳动教育课程设计可以同各学科内容有机结合。正如国外一位知名数学教师的经验，她讲几何课先不讲定理，而是带领孩子们盖木屋子，过程中涉及怎么丈量、三角形有什么特性等几何知识，一边盖屋子一边讲解知识，课程生动有趣不枯燥。劳动教育还要充分发挥校园的学习场地作用，例如学生教室、宿舍、食堂、花园等，都可以变成劳动教育的场所。” 
	二问 学生劳动谁来指导 
	单独开设劳动课程，师资如何调配？朱晓莉告诉记者，出于方便统筹、组织开展相关活动的考虑，学校的劳动课大多由班主任兼课。“每个老师有总课时要求，如果带了劳动课，有可能别的课就不用兼了。配备专职上劳动课的老师，我们条件还不具备。” 
	“现在提倡培养专兼结合的劳动教育教师队伍。专业化的师资培养是必要的，然而针对目前情况，很可能一段时间内还是以兼职和社会力量为主。学校可以用增设社会工作岗位的机会引入社会师资，还可充分动用家长力量，因为家长往往是社会方方面面的专业人士，可以丰富学生的职业体验。”赵刚表示。 
	“我认为，仅靠班主任和兼课教师难以满足劳动教育专业化的要求。据我了解，一些师范类院校、综合性院校的教育学院已经开始开设供学生选修的劳动教育专业课，劳动关系学院等学校已经开始了培养劳动教育专门师资的探索。长期看，越来越多师范院校会建设相应专业，补充专职化人才；而在短期内，应当充分调动教研人员的力量，并拿出相应资金做好师资培训。”吉林省教育厅科学育儿指导中心主任、教育部基础教育课程专家组成员赵士英说。 
	“教师很重要，家长同样必不可少。”赵刚认为，学校劳动课教授的内容是组织化的，而针对学生个性化、特色化的指导其实更多发生在家庭里。“??如果没有家庭的真正理解和配合，劳动教育在学校永远是‘走形式’的，因为??家庭才是生活教育的主阵地。然而，目前很多家长还不清楚如何指导孩子开展劳动、爱上劳动，所以，学校应通过家长会、家长学校等方式引导和启发家长，让他们意识到，家务劳动中的很多内容就是对孩子进行劳动教育的‘好教材’。” 
	“民以食为天，饮食文化是一个人自我身份认同和家庭身份认同的一部分。”贺娟娟介绍，寒暑假及月假，启航学校学生会在家长指导下学习“下厨”。从制定烹饪计划到洗菜、切菜、做菜、调味，再到餐后清洁收纳……通过实践，学生能够掌握基本的煮、炒等烹饪技巧，学会蒸米饭、做西红柿炒蛋等简单饭菜，学会合理地使用水、电、天然气、洗涤用品等资源，形成良好的行为习惯，积极承担在家庭中的责任。 
	记者注意到，新课标发布后，“烹饪纳入中小学劳动课程”上了热搜，有的家长欢迎，说疫情下学习基本生活技能“很有用”；但也有人认为“小学生学做饭太早”，一方面是担心用火用电、煤气安全等问题，一方面则是认为小学中低年级学生科学知识有限，只能单纯模仿而无法明白背后的原理。 
	家长如何做好学生劳动课“第二老师”，才能既不“一手包办”，让孩子真正掌握本领技能、养成劳动观念，又能兼顾学生的人身安全和能力限度？赵刚认为，家长需遵循“认知—参与—陪伴—独立”这一过程，循序渐进引导孩子完成劳动任务。“首先是‘认知’，例如家长一边做饭一边给孩子讲解食材如何处理；然后是参与，例如叫孩子帮忙择菜、剥蒜等；第三是‘陪伴’，看着孩子自己完成一些步骤并及时指导。这样，到了初高中阶段，孩子完全能独立完成全部步骤。所以，让小学生学煮饭并不意味着直接教他们‘抡大勺’。” 
	三问 社会资源配套如何跟上 
	劳动教育的场地不只在校门、家门里。新课标提出，应关注课外、校外劳动实践体验的有效拓展，充分利用课外校外劳动实践场所，自主开发项目，满足多样化的劳动实践需要，丰富劳动实践体验，让学生养成良好的劳动习惯和品质，深化对劳动价值的理解。 
	“新课标的10个任务群分为日常生活劳动、生产劳动、服务性劳动，其实各自有不同的育人目标指向。”赵士英表示，日常生活劳动解决的是如何自立自强的问题，生产劳动培养劳动创造价值、有劳才能有所得的意识，而服务性劳动则致力于改善人与人之间关系，培养学生的社会责任感和担当意识。“所以劳动教育离不开‘走出去’的实践。” 
	“今天我们在老师的带领下参观了中国港口博物馆，最有意思的是古人造船的劳动场景，他们把一根大木头挖空，成为一只独木舟。还近距离体验了科研人员修复古船的水下考古过程，真是收获好多。”四眼碶小学“阳光小队”队员陈子彬对一次劳动主题研学印象很深，他和同学们在记录本上工工整整地写下了三个问题：以前的人是如何发明潜水服的？郑和航船究竟去了哪里？修理中心是如何修复200年前的“小白礁1号”的？ 
	朱晓莉告诉记者，为丰富劳动教育形式，学校还为每个年级设立了两个校外实践基地，每学期开展一次实践活动。“例如二年级的‘食品 健康饮食’主题，我们和鄞州区工商质检新河所开展共建，三年级‘环保 垃圾分类’主题，和城管分类办共建，两个单位都成为我校法治安全与职业体验劳动实践基地。” 
	然而，朱晓莉也谈到劳动课外实践资源拓展方面的局限。“目前开展的不少活动是和研学机构达成协议后进行，根据主题选择研学机构已有线路里能够匹配的内容，这样虽然便于组织实施，但也有缺憾：一是不少活动仅停留在参观和体验层面，缺乏长期性、体系性，总感觉有点零敲碎打，效果并不明显；二是城市学生缺乏的农林方面劳动项目不容易找到合适的基地和对口单位，所以，让孩子们真正出力流汗、充分体会劳动艰辛的去处仍然稀缺。” 
	“下一步，首要的是加强劳动教育的基本建设，如设计好课程指导手册、家长指导指南等；其次要完善学校基础设施，即使是乡村学校，也要建好劳动教室；第三是地方党委政府、教育主管部门要做好统筹，让更多的社会场所向学校开放，有规划地建设劳动教育基地，也可以调动民间力量参与。”赵士英说。"
http://edu.people.com.cn/n1/2022/0601/c1006-32435740.html,劳动课让孩子走进广阔天地,"
	5月28日，安徽一研学科普实践教育基地里，安徽师范大学附属肥西二中的学生正在学习包粽子。这节劳动课成为他们感受端午节传统文化魅力的独特方式。 
	不久前，教育部印发《义务教育劳动课程标准（2022年版）》，将劳动所占课时从综合实践活动课程中独立出来。烹饪、农业生产、传统工艺制作等项目被列入其中。在此之前，已有不少学校引导学生走进校内外劳动实践基地，在参与劳动的过程中感受自然，感悟文化。 
	 
	一场别开生面的比赛热火朝天地进行着，比赛地点在一幢教学楼前，参赛选手是一群中小学生。炸春卷、汆肉丸、花式摆盘，小厨师们的一招一式有模有样。这是山东省淄博市博山区举办的一场名为“‘博菜众尝’——不负好食光擂台赛”，共有12所中小学选派代表队参赛。“豆腐箱寓意‘开箱取宝’，是博山经典的传统菜式。”一名14岁的参赛学生这样介绍自己制作的菜肴。 
	比赛现场，淄博市食文化研讨会理事徐传国结合历史故事和民俗谚语，向孩子们讲解博山饮食文化的历史渊源和特色：博山菜是鲁菜四大派之一，在家常菜上下足功夫，可追溯到2600多年前。据了解，博山区将每年5月份固定为青少年劳动实践月，“博菜众尝”是今年的劳动实践月主题。对此，博山区教体局相关负责人表示，此举既是传统文化进校园的创新实践，也可以让孩子在学习劳动烹饪技能的过程中，继承发扬当地悠久的饮食文化。 
	如何既能让孩子愿意动手实践，又能让传统文化教育更加生动有趣？中华传统美食制作相关课程成为有机融合的途径。为迎接即将到来的端午节，许多学校开设节日主题相关的国学劳动课。烹饪课上，学生们通过学习制作传统美食，探寻美食背后的文化内涵，进而了解当地特色传统饮食文化和中国传统时令节气文化。在重庆市两江新区重光小学的劳动课上，和面、揉面、拌料……学生们亲自动手制作麻辣鲜香的重庆小面。 
	 
	近日，浙江省衢州高级中学学生种出约1000斤菜籽，这是他们去年11月播下油菜种子的收获，榨出的菜籽油将被送进学校食堂，由师生共享；贵州省遵义市余庆县进入插秧季，当地一所小学便把农业生产劳动课堂搬进农田，学生们在老师带领下在田间体验插秧，学习农耕知识；湖南省邵阳市洞口县文昌街道第一小学则将采茶作为学生的劳动课作业，让学生走进附近茶园采摘茶叶。顺应时令播种、养护或收获，走进大自然，“在庄稼地上劳动课”，农业生产课变得鲜活起来。 
	“在城里长大的孩子没有干过农活，也不知道自己吃的粮食是怎么来的。”近日，陕西省西安市一位带着孩子在麦田里割麦子的家长感慨，这样的劳动体验课“很有必要”。站在麦田里，孩子们和家长模仿着农民割麦的动作，不长时间便累得气喘吁吁。站在收割完的麦田里，孩子们和家长一起朗读白居易的《观刈麦》，有了不一样的感受。“原来每一粒麦子都来之不易，以后我会更加珍惜每一粒粮食。”参加劳动的孩子不约而同表达了这样的想法。 
	为了更好地开展农业生产相关课程，还有一些学校将农场“搬”进校园。近日，广东省深圳市龙华区教科院附属学校的千株向日葵盛放，成为一道美丽风景。该校在学校楼顶建设校园农场，开展农业生产劳动社团活动，引导学生参与播种、育苗、移植、浇水、施肥等农业生产劳动。陕西师范大学实验小学专门开辟种植园，分配给每个年级，由学生们自己耕种管理100多种蔬菜、花卉。亲身参与“接地气”“沾泥土”的农业生产活动，让学生们真正走进了自然大课堂。 
	 
	为应对增设劳动课程这一新变化，许多家长已开始有意识地在家中让孩子参与劳动，例如做饭、打扫卫生等。“六一”节前，北京市民贾倩尝试让四年级的儿子自己做了两道菜：西红柿炒鸡蛋、糖醋排骨。“从准备食材、洗菜、切菜到炒菜、装盘，完全由他自己安排。”贾倩说，希望借此机会逐步培养孩子的劳动技能和兴趣。为了上好秋季开学后的劳动课程，贾倩正在寻找合适的社会实践活动。 
	旅游企业也将目光投向劳动课程，并探索将其更好地融入研学、游学等旅游产品中。当前，农耕体验、美食制作等已是旅游市场上较为成熟的产品。插秧、收麦等是近年来乡村旅游与研学相融合的典型产品，受到游客欢迎；美食制作体验则成为一些酒店吸引家庭游游客的热门产品。 
	端午节临近，许多旅游机构推出了“端午”主题劳动研学产品。例如，西安一些旅游企业推出的短期、短途研学课程，主要面向中小学生，带领他们在周边农村地区体验传统农具使用、小麦收割、插秧、蒸花馍、传统手工制作等；广东中旅推出“从化户外拓展活动2天游”产品，其中包括带领孩子在小麦加工厂体验收割小麦、动手制作饺子等环节。 
	记者询问北京一家专门从事儿童户外研学的机构得知，近期将融合劳动、露营、烹饪等元素，推出“趣味农耕”“亲子露营”等特色营地活动以及儿童厨艺相关课程。"
http://edu.people.com.cn/n1/2022/0602/c1006-32436965.html,凡编必审、限制时长 中小学数字教材新国标来了,"
	5月29日，国家市场监督管理总局对外发布首批中小学数字教材国家标准，明确指出数字教材中单一视频时长有“限制”，小学阶段不超20分钟，中学阶段不超25分钟，且数字教材应“凡编必审”，比一般网络出版物有着更高的出版质量要求。新标准将于2022年11月1日实施。 
	2017年以来，我国的教材建设、教育信息化和儿童青少年近视防控等方面的新政策频出。中小学数字教材的进一步发展，需要制定满足教材建设管理、教育信息化内容供给和应用、中小学生近视防控等方面新政策要求的系列标准，并实现新闻出版行业和教育行业之间的跨领域标准对接。为此，国家市场监督管理总局、国家标准化管理委员会近日批准发布《数字教材 中小学数字教材元数据》《数字教材 中小学数字教材质量要求和检测方法》《数字教材 中小学数字教材出版基本流程》3项推荐性国家标准。 
	国家市场监督管理总局方面表示，面向未成年群体的中小学数字教材比一般网络出版物有着更高的出版质量要求，数字技术的引入，让教材内容、体验提升的同时，也带来了一定的内容信息风险。此次新国标特别提出了中小学数字教材与其他一般数字教育产品不同的特定流程。其中提到，审核与审定是教材正式出版前应进行的法定步骤，也是保障数字教材政治性的必要流程，数字教材应遵循“凡编必审”的基本原则。送审的中小学数字教材，可以在小范围内开展教学试用。数字教材正式发布后，还要进行定期更新。 
	具体来讲，《数字教材 中小学数字教材质量要求和检测方法》提出，数字教材不应出现数据损坏、异常报错、无法打开等情况；同时，对差错率进行了严格要求。为防控青少年近视，新标准特别对数字教材在个人学习终端显示设备和教室大屏幕上能否“看得清”进行了详细规定。 
	不仅如此，除了历史资料性的图片、图像外，数字教材中的图片、图像显示分辨率应分别不低于720像素，且不存在明显畸变、模糊等严重失真问题。视频画面要求质量清晰、无明显的画面闪烁、抖动、卡顿、过亮或过暗等现象。（记者 付丽丽）"
http://edu.people.com.cn/n1/2022/0528/c1006-32432757.html,大学生是如何看待表情符号的,"
	“表情符号”是个很宽泛的概念，目前至少包括颜文字、绘文字（emoji）、静态贴图、GIF动画等（后二者统称为“表情包”）。若追根溯源，表情符号并非“新鲜事”，包括图画文字、标点符号、信息图和漫符技法等都可视为其前身，它们都是为满足人类的视觉本能而涌现的。这种本能在电子信息时代得到了前所未有的释放，越来越多的人开始使用表情符号，其中伴随着电视、动画、电子游戏和互联网成长起来的年轻一代无疑是最活跃的力量。作为年轻一代的大学生对此兴趣盎然，在笔者讲授的《现代语言学》课堂上，他们通过小组讨论、课堂展示和读书报告等形式各抒己见，乃至催生了题为“21世纪emoji使用指南”的集中性研讨。大学生关心的话题包括“表情符号的形式变异”“表情符号的功能变异”“表情符号的得失利弊”等，下面是他们的反思实录。 
	基于绘文字进行变形或合成的表情包受到大学生的欢迎 
	在各种表情符号之中，目前最常见的是绘文字和表情包。孙诗琪等同学认为大学生现在最常使用的其实是表情包，我们已经从绘文字时代跨入表情包时代。绘文字与表情包具有不同的内在逻辑，人们对绘文字的统一性表现出反抗，创造了一种介于绘文字和表情包之间的变体，即基于绘文字进行变形或合成的表情包，比如“无限”伸长的伸大拇指表情包。 
	表情符号不仅出现了多种类型，而且同一类型在不同平台上呈现出不同的样式。梅之语等同学调查了腾讯软件（如微信、QQ）内置绘文字与输入法内置绘文字的差异，发现更多的人会使用前者而非后者。一些绘文字的功能变异正和平台有关，比如发生语义变异的“微笑”表情主要出自腾讯软件；再如“嘻嘻”表情在三星平台上表现得异常可爱，在其他平台上则没有那么可爱。他们对绘文字进行了拆解，发现小黄脸表情的构成为“底色+脸型+表情”，其形式选择与面部表情心理学、漫符表达手法以及网络用语流变有关。 
	表情符号在使用中也表现出各种各样的变异。陈晶等同学基于哔哩哔哩网站的调查发现，人们使用最多的几个绘文字是“狗头”“知识增加”“辣眼睛”和“笑哭”，其中“狗头保命”被誉为“免死金牌”，可用来判断发言者是在较真还是在开玩笑；人们在使用绘文字时，最喜单用，偶尔连用则表达强烈或复杂情绪，但连用数量越大使用频率越低；绘文字出现频率最高的位置是句尾，其次句首，极少句中，可以明确想要传达的情绪或为整句话的态度定调。 
	同一个表情符号配合不同的文字，可能表现出相去甚远的意义 
	相对于语言文字，表情符号的意义更加模糊，其使用和解读强烈依赖于语境。魏子超等同学发现，同一个表情符号配合不同的文字，可能表现出相去甚远的意义。 
	表情符号的赋义具有较大灵活性，也正因为如此，表情符号在功能或语义上表现出无穷多的变异，包括情景变异，像“微笑”“再见”“偷笑”“龇牙”等表情都出现本义之外的使用义，如“再见”的本义为“再见”，使用义为“不想理会对方、绝交、友尽”；个体变异，他们提到有人曾在课堂群里发了一学期的“恶魔”和“闪电”，直到期末才知道前者表示“得意地笑”，后者表示“我去也”；性别变异，有一项调查发现女性使用表情符号的比例多于男性，分别为78%和60%；代际变异，如年轻人较难接受所谓“中老年表情包”，而中老年人也很难理解“流汗”“咖啡”的含义，等等。“emoji背后的含义”曾一度登上微博热搜，也说明人们对表情符号的功能变异具有很强的自觉性。 
	表情符号将作为交际行为的一部分持续发挥作用，可能在将来被其他手段替代 
	表情符号之所以能“席卷全球”，要得益于它对文字的补充、对社交的润滑以及对审美的满足，但是它的流行也引发了人们的担忧。 
	有人担心，表情符号的变异会加深交际鸿沟。孙玲瑶等同学对此表示认同：变异固然使表情符号更加丰富多彩，但是也出现了传达意图不明确、容易造成双方误解的问题，从而可能进一步扩大不同群体之间已有的鸿沟。还有人担心，表情符号滥用会导致语言能力下降。 
	这种观点十分盛行，和针对网络语言的担忧如出一辙，但是赵文萱等同学对此表示怀疑：表情符号弥补了纯文字在传达某些用意上的不足，反而是增加了交际智慧；表情符号主要用于非正式场合，并不会过多地影响到正式场合。 
	还有人担心，表情符号滥用会造成感受能力退化。在他们看来，只有语言才能表达复杂思维和细腻情感，如果语言能力退化了，感受能力自然也将退化。孙诗琪等同学表达了一定认同，因为表情符号大多是通过拼贴、戏仿和恶搞的方式对人们有意见的事物进行亵渎和歪曲，对很多事物并没有深入剖析和理性认识，这些浅表化、扁平化、可视化的表情符号忽略了人类的复杂性。 
	以上是大学生的反思，最后简单说说笔者的观点。目前针对表情符号的评价表现出一种矛盾：一面说表情符号作为副语言发挥了重要作用，通常会援引“100%面对面沟通=7%语言+38%表达方式+55%身体语言”的公式，可谓“赞誉有加”；一面又说表情符号是“浅层次”“碎片化”的交流，只能给语言“打下手”。这种矛盾性源出于对语言的狭隘看法。事实上，我们只有把交流行为视为整体，才能给予表情符号客观公正的评价。语言学家在解释语言变化与变异时通常求诸经济性与效率性之平衡，这也适用于表情符号：从经济性来看，表情符号具体生动、形式凝练，所基于的硬件和软件越来越快，在用户体验上也越来越人性化（如软件可以根据输入字符自动推荐表情符号）；从效率性来看，表情符号在寒暄功能、传情功能和社交功能上都发挥了越来越不可替代的作用。目前来看，表情符号在自己的分内工作上做得很好，尚无法取代交际行为的其他部分如语言，当然它可能也无意僭越。 
	据此反思表情符号，我认为，表情符号的变异并不可怕，人们反而正在享受这种变异。另外，表情符号造成表达能力和感受能力下降的担忧可能也被夸大了，因为人类一直在使用副语言或类似于副语言的其他媒介，但从未造成什么不可逆的严重后果。有人曾提议“我们可以对表情包放松警惕了”，但是笔者认为理由并非“很多表情符号会保留和稳定下来”，而是它将作为交际行为的一部分持续发挥作用，它可能是对过去一些手段的替代，也可能在将来被其他手段替代。但形式是暂时的，功能才是永恒的。 
	（作者：杨旭 单位：武汉大学文学院）"
